{
  "accuracy": 0.6260679414157851,
  "balanced_accuracy": 0.49656458337724024,
  "macro_f1": 0.5136022860316644,
  "weighted_f1": 0.6050524419704136,
  "cohens_kappa": 0.3929398307341695,
  "mcc": 0.39991729405214804,
  "per_class_f1": [
    0.6621575342465753,
    0.698962605548854,
    0.34709897610921503,
    0.34619002822201317
  ],
  "classification_report": {
    "0": {
      "precision": 0.60421875,
      "recall": 0.7323863636363637,
      "f1-score": 0.6621575342465753,
      "support": 5280.0
    },
    "1": {
      "precision": 0.6563661078386951,
      "recall": 0.7474716202270382,
      "f1-score": 0.698962605548854,
      "support": 9690.0
    },
    "2": {
      "precision": 0.5341386554621849,
      "recall": 0.2570778564206269,
      "f1-score": 0.34709897610921503,
      "support": 3956.0
    },
    "3": {
      "precision": 0.5661538461538461,
      "recall": 0.24932249322493225,
      "f1-score": 0.34619002822201317,
      "support": 738.0
    },
    "accuracy": 0.6260679414157851,
    "macro avg": {
      "precision": 0.5902193398636815,
      "recall": 0.49656458337724024,
      "f1-score": 0.5136022860316644,
      "support": 19664.0
    },
    "weighted avg": {
      "precision": 0.6143885600298462,
      "recall": 0.6260679414157851,
      "f1-score": 0.6050524419704136,
      "support": 19664.0
    }
  },
  "timestamp": "2025-08-03T18:29:20.385372"
}