{
  "accuracy": {
    "mean": 0.6258899556251983,
    "std": 0.0031259499969854393
  },
  "balanced_accuracy": {
    "mean": 0.49923398026185206,
    "std": 0.005092502355556107
  },
  "macro_f1": {
    "mean": 0.5177122998679445,
    "std": 0.005224360373749821
  },
  "weighted_f1": {
    "mean": 0.6049237091926124,
    "std": 0.0025886024199324176
  },
  "kappa": {
    "mean": 0.3918298778799706,
    "std": 0.004786844581868095
  },
  "mcc": {
    "mean": 0.39894343579366665,
    "std": 0.00516030859288109
  },
  "per_class_f1": {
    "class_0": {
      "mean": 0.6582695377697036,
      "std": 0.005062809949857608
    },
    "class_1": {
      "mean": 0.7001198236421227,
      "std": 0.003557281553833405
    },
    "class_2": {
      "mean": 0.3447386254319833,
      "std": 0.006452498088047854
    },
    "class_3": {
      "mean": 0.367721212627969,
      "std": 0.017275577118944316
    }
  }
}