{
  "accuracy": {
    "mean": 0.6257119590855817,
    "std": 0.0032303445155659
  },
  "balanced_accuracy": {
    "mean": 0.49965425855552625,
    "std": 0.006249126683765528
  },
  "macro_f1": {
    "mean": 0.516554051250305,
    "std": 0.006313098663707997
  },
  "weighted_f1": {
    "mean": 0.6039104136423412,
    "std": 0.0025783431167487898
  },
  "kappa": {
    "mean": 0.3911342817522408,
    "std": 0.004935275150126985
  },
  "mcc": {
    "mean": 0.39863542306398236,
    "std": 0.005407268859522999
  },
  "per_class_f1": {
    "class_0": {
      "mean": 0.6588643797969626,
      "std": 0.005335013768079715
    },
    "class_1": {
      "mean": 0.700442248770206,
      "std": 0.0036117427669921567
    },
    "class_2": {
      "mean": 0.3378724193346594,
      "std": 0.008766547771662896
    },
    "class_3": {
      "mean": 0.36903715709939205,
      "std": 0.01986653545138599
    }
  }
}