{
  "metrics": {
    "accuracy": 0.5634153783563873,
    "balanced_accuracy": 0.5776464487045311,
    "macro_f1": 0.5122513424357599,
    "weighted_f1": 0.5700373772190843,
    "kappa": 0.3619844351441437,
    "mcc": 0.3681112897950973,
    "per_class_f1": [
      0.6615371314947696,
      0.6061143634320856,
      0.39353995962474764,
      0.3878139151914368
    ]
  },
  "classification_report": {
    "0": {
      "precision": 0.6085573405439796,
      "recall": 0.7246212121212121,
      "f1-score": 0.6615371314947696,
      "support": 5280.0
    },
    "1": {
      "precision": 0.7097354936989336,
      "recall": 0.5288957688338494,
      "f1-score": 0.6061143634320856,
      "support": 9690.0
    },
    "2": {
      "precision": 0.37110862262038075,
      "recall": 0.41885743174924167,
      "f1-score": 0.39353995962474764,
      "support": 3956.0
    },
    "3": {
      "precision": 0.2785334121821407,
      "recall": 0.6382113821138211,
      "f1-score": 0.3878139151914368,
      "support": 738.0
    },
    "accuracy": 0.5634153783563873,
    "macro avg": {
      "precision": 0.4919837172613587,
      "recall": 0.5776464487045311,
      "f1-score": 0.5122513424357599,
      "support": 19664.0
    },
    "weighted avg": {
      "precision": 0.5982599197158017,
      "recall": 0.5634153783563873,
      "f1-score": 0.5700373772190843,
      "support": 19664.0
    }
  },
  "cv_results": {
    "accuracy": {
      "mean": 0.6257119590855817,
      "std": 0.0032303445155659
    },
    "balanced_accuracy": {
      "mean": 0.49965425855552625,
      "std": 0.006249126683765528
    },
    "macro_f1": {
      "mean": 0.516554051250305,
      "std": 0.006313098663707997
    },
    "weighted_f1": {
      "mean": 0.6039104136423412,
      "std": 0.0025783431167487898
    },
    "kappa": {
      "mean": 0.3911342817522408,
      "std": 0.004935275150126985
    },
    "mcc": {
      "mean": 0.39863542306398236,
      "std": 0.005407268859522999
    },
    "per_class_f1": {
      "class_0": {
        "mean": 0.6588643797969626,
        "std": 0.005335013768079715
      },
      "class_1": {
        "mean": 0.700442248770206,
        "std": 0.0036117427669921567
      },
      "class_2": {
        "mean": 0.3378724193346594,
        "std": 0.008766547771662896
      },
      "class_3": {
        "mean": 0.36903715709939205,
        "std": 0.01986653545138599
      }
    }
  },
  "timestamp": "2025-08-03T21:20:01.531845"
}