{
  "metrics": {
    "accuracy": 0.6259662327095199,
    "balanced_accuracy": 0.49424373964643875,
    "macro_f1": 0.5116010213698651,
    "weighted_f1": 0.6049808245972905,
    "kappa": 0.3923138768831219,
    "mcc": 0.39930680177024547,
    "per_class_f1": [
      0.6600875311078692,
      0.6994603969936404,
      0.3500340831629175,
      0.3368220742150333
    ]
  },
  "classification_report": {
    "0": {
      "precision": 0.6034834457869135,
      "recall": 0.7284090909090909,
      "f1-score": 0.6600875311078692,
      "support": 5280.0
    },
    "1": {
      "precision": 0.6559732514006867,
      "recall": 0.7491228070175439,
      "f1-score": 0.6994603969936404,
      "support": 9690.0
    },
    "2": {
      "precision": 0.5371338912133892,
      "recall": 0.2596056622851365,
      "f1-score": 0.3500340831629175,
      "support": 3956.0
    },
    "3": {
      "precision": 0.5654952076677316,
      "recall": 0.23983739837398374,
      "f1-score": 0.3368220742150333,
      "support": 738.0
    },
    "accuracy": 0.6259662327095199,
    "macro avg": {
      "precision": 0.5905214490171803,
      "recall": 0.49424373964643875,
      "f1-score": 0.5116010213698651,
      "support": 19664.0
    },
    "weighted avg": {
      "precision": 0.6145753934462221,
      "recall": 0.6259662327095199,
      "f1-score": 0.6049808245972905,
      "support": 19664.0
    }
  },
  "cv_results": {
    "accuracy": {
      "mean": 0.6258899556251983,
      "std": 0.0031259499969854393
    },
    "balanced_accuracy": {
      "mean": 0.49923398026185206,
      "std": 0.005092502355556107
    },
    "macro_f1": {
      "mean": 0.5177122998679445,
      "std": 0.005224360373749821
    },
    "weighted_f1": {
      "mean": 0.6049237091926124,
      "std": 0.0025886024199324176
    },
    "kappa": {
      "mean": 0.3918298778799706,
      "std": 0.004786844581868095
    },
    "mcc": {
      "mean": 0.39894343579366665,
      "std": 0.00516030859288109
    },
    "per_class_f1": {
      "class_0": {
        "mean": 0.6582695377697036,
        "std": 0.005062809949857608
      },
      "class_1": {
        "mean": 0.7001198236421227,
        "std": 0.003557281553833405
      },
      "class_2": {
        "mean": 0.3447386254319833,
        "std": 0.006452498088047854
      },
      "class_3": {
        "mean": 0.367721212627969,
        "std": 0.017275577118944316
      }
    }
  },
  "timestamp": "2025-08-03T19:32:44.917019"
}